{
    "Bullets": [
        {
            "pos_x": 57.83902582597071,
            "pos_y": 711.1764361155111,
            "damage": 5.0,
            "velocity": 5.0,
            "area_of_effect": 1.1,
            "reload_time": 500.0,
            "pierce": 1,
            "duration": 1000.0,
            "bullet_type": "Normalbullet"
        },
        {
            "pos_x": 517.8884556301983,
            "pos_y": 187.00457507349483,
            "damage": 5.0,
            "velocity": 5.0,
            "area_of_effect": 1.1,
            "reload_time": 500.0,
            "pierce": 1,
            "duration": 1000.0,
            "bullet_type": "Normalbullet"
        }
    ]
}