{
    "Experience": [
        {
            "pos_x": 605.7796538894659,
            "pos_y": 254.7796538894659,
            "amount": 20
        },
        {
            "pos_x": 472.9794910921492,
            "pos_y": 288.0205089078508,
            "amount": 10
        },
        {
            "pos_x": 589.4709960243781,
            "pos_y": 271.52900397563513,
            "amount": 10
        }
    ]
}